karno,diagtime,age,prior=10,trt=2,celltype=2,celltype=3,celltype=4,time,status,predicted_tte
60,5,67,0.0,0.0,1.0,0.0,0.0,97.0,False,51.547616966727674
30,5,65,0.0,0.0,1.0,0.0,0.0,20.0,True,16.875736937808202
40,6,62,0.0,0.0,0.0,1.0,0.0,35.0,True,25.77355067910023
80,5,50,0.0,0.0,0.0,1.0,0.0,132.0,True,97.37809026551163
60,12,63,0.0,0.0,0.0,0.0,1.0,278.0,True,112.46035830651222
90,8,60,0.0,0.0,0.0,0.0,1.0,143.0,True,330.6158319899392
85,4,62,0.0,1.0,1.0,0.0,0.0,99.0,True,112.49329337515913
60,22,50,1.0,1.0,0.0,1.0,0.0,90.0,True,38.42620158726248
70,15,68,1.0,1.0,0.0,0.0,1.0,164.0,True,149.10245106954486
