karno,diagtime,age,prior=10,trt=2,celltype=2,celltype=3,celltype=4,time,status,predicted_tte
30,4,63,0.0,0.0,0.0,0.0,0.0,144.0,True,28.43145770287954
30,4,53,1.0,0.0,1.0,0.0,0.0,16.0,True,20.09645038953678
40,2,55,1.0,0.0,1.0,0.0,0.0,21.0,True,27.504469319759526
70,10,60,0.0,0.0,0.0,1.0,0.0,92.0,True,81.98506436733861
60,3,58,0.0,1.0,0.0,0.0,0.0,587.0,True,61.261901758806665
30,6,64,0.0,1.0,0.0,0.0,0.0,33.0,True,24.085144556074102
70,13,58,0.0,1.0,0.0,0.0,0.0,357.0,True,98.19971560168746
70,2,70,0.0,1.0,1.0,0.0,0.0,25.0,True,69.79024433691544
70,1,61,0.0,1.0,1.0,0.0,0.0,95.0,True,66.32528084687407
