karno,diagtime,age,prior=10,trt=2,celltype=2,celltype=3,celltype=4,time,status,predicted_tte
70,6,70,0.0,0.0,0.0,0.0,0.0,100.0,False,153.46176983265786
60,4,56,0.0,0.0,1.0,0.0,0.0,13.0,True,53.277566303057775
30,4,60,0.0,0.0,1.0,0.0,0.0,18.0,True,16.724579012590386
70,8,53,1.0,0.0,0.0,0.0,1.0,250.0,True,120.26196289053296
80,6,60,0.0,1.0,0.0,0.0,0.0,112.0,True,187.09328045455385
10,4,81,0.0,1.0,0.0,1.0,0.0,48.0,True,8.028635500307878
40,3,69,0.0,1.0,0.0,1.0,0.0,45.0,True,23.484431714252253
30,5,63,0.0,1.0,0.0,0.0,1.0,15.0,True,27.228964999006745
30,3,37,0.0,1.0,0.0,0.0,1.0,49.0,True,20.620847009374103
