karno,diagtime,age,prior=10,trt=2,celltype=2,celltype=3,celltype=4,time,status,predicted_tte
40,10,69,1.0,0.0,0.0,0.0,0.0,82.0,True,42.908685592442176
40,2,35,0.0,0.0,1.0,0.0,0.0,4.0,True,17.60906730589738
60,25,66,1.0,0.0,1.0,0.0,0.0,287.0,True,44.60070742094084
80,28,53,0.0,0.0,1.0,0.0,0.0,122.0,True,82.60557801160218
50,11,48,0.0,0.0,1.0,0.0,0.0,63.0,True,28.18671296085561
40,8,67,0.0,1.0,1.0,0.0,0.0,29.0,True,22.641108405448847
60,5,62,0.0,1.0,0.0,1.0,0.0,51.0,True,49.56406682284585
40,4,63,0.0,1.0,0.0,1.0,0.0,80.0,True,24.272535479379734
60,4,45,0.0,1.0,0.0,0.0,1.0,52.0,True,87.9353002252872
