karno,diagtime,age,prior=10,trt=2,celltype=2,celltype=3,celltype=4,time,status,predicted_tte
60,9,42,0.0,0.0,1.0,0.0,0.0,384.0,True,38.29558097842227
80,3,46,0.0,0.0,1.0,0.0,0.0,117.0,True,85.28708534167055
40,4,68,0.0,0.0,1.0,0.0,0.0,392.0,True,25.24392048324925
40,23,67,1.0,0.0,1.0,0.0,0.0,10.0,True,21.938382728372385
50,4,63,1.0,0.0,0.0,1.0,0.0,12.0,True,36.187041438407945
30,2,62,0.0,1.0,1.0,0.0,0.0,13.0,True,15.264903983728134
50,17,71,0.0,1.0,1.0,0.0,0.0,80.0,True,32.771874708754986
60,3,70,0.0,1.0,0.0,1.0,0.0,73.0,True,54.68203393473632
50,5,66,0.0,1.0,0.0,1.0,0.0,8.0,True,35.98983864665711
