karno,diagtime,age,prior=10,trt=2,celltype=2,celltype=3,celltype=4,time,status,predicted_tte
60,9,63,1.0,0.0,0.0,0.0,0.0,126.0,True,88.351186202698
70,1,67,0.0,0.0,1.0,0.0,0.0,54.0,True,104.88118410290284
50,7,72,0.0,0.0,1.0,0.0,0.0,7.0,True,55.47189454587484
30,3,43,0.0,0.0,0.0,1.0,0.0,3.0,True,16.43280010264677
80,28,52,1.0,1.0,0.0,0.0,0.0,201.0,True,113.8145650311677
30,9,54,1.0,1.0,1.0,0.0,0.0,20.0,True,14.68453098652912
70,3,63,0.0,1.0,0.0,1.0,0.0,140.0,True,77.84894715090674
60,11,49,1.0,1.0,0.0,0.0,1.0,43.0,True,69.78677020008918
80,4,65,0.0,1.0,0.0,0.0,1.0,378.0,True,207.35415916918052
