karno,diagtime,age,prior=10,trt=2,celltype=2,celltype=3,celltype=4,time,status,predicted_tte
40,3,55,0.0,0.0,1.0,0.0,0.0,123.0,False,29.070011751103568
60,1,67,0.0,0.0,1.0,0.0,0.0,51.0,True,68.14390114303181
60,8,62,0.0,0.0,1.0,0.0,0.0,27.0,True,56.707533417661324
20,36,63,0.0,1.0,0.0,0.0,0.0,25.0,True,15.0364580755736
90,2,64,0.0,1.0,0.0,0.0,0.0,467.0,True,332.2221570223206
90,2,51,0.0,1.0,0.0,0.0,0.0,283.0,True,292.21818758108526
20,11,66,0.0,1.0,1.0,0.0,0.0,7.0,True,10.668602123100118
40,4,58,0.0,1.0,0.0,1.0,0.0,7.0,True,23.863670863452636
80,4,62,1.0,1.0,0.0,1.0,0.0,84.0,True,89.271338112401
