karno,diagtime,age,prior=10,trt=2,celltype=2,celltype=3,celltype=4,time,status,predicted_tte
60,3,38,0.0,0.0,0.0,0.0,0.0,228.0,True,73.04713119706688
60,4,81,0.0,0.0,0.0,0.0,0.0,42.0,True,115.83349601550151
50,12,69,0.0,0.0,1.0,0.0,0.0,151.0,True,40.85342389712267
50,16,66,1.0,0.0,0.0,0.0,1.0,177.0,True,61.78261074829771
80,5,45,0.0,0.0,0.0,0.0,1.0,260.0,True,182.85453039589578
70,2,71,0.0,1.0,1.0,0.0,0.0,61.0,True,85.0461176923245
60,3,43,0.0,1.0,0.0,1.0,0.0,52.0,True,39.577900992412694
50,10,42,0.0,1.0,0.0,1.0,0.0,19.0,True,26.128364959048856
60,12,66,0.0,1.0,0.0,0.0,1.0,53.0,True,93.13742408223648
