karno,diagtime,age,prior=10,trt=2,celltype=2,celltype=3,celltype=4,time,status,predicted_tte
60,7,69,0.0,0.0,0.0,0.0,0.0,72.0,True,101.65865359280743
70,11,65,1.0,0.0,0.0,0.0,0.0,118.0,True,130.87726932600174
30,2,65,0.0,0.0,1.0,0.0,0.0,59.0,True,17.66694810976222
80,4,34,0.0,0.0,0.0,1.0,0.0,95.0,True,87.98368888304692
50,15,52,0.0,0.0,0.0,0.0,1.0,216.0,True,58.94255414599059
80,3,39,0.0,1.0,0.0,1.0,0.0,31.0,True,84.46870335916691
90,3,60,0.0,1.0,0.0,1.0,0.0,186.0,True,157.96105273019018
60,5,64,0.0,1.0,0.0,0.0,1.0,111.0,True,91.5233197299065
70,18,67,1.0,1.0,0.0,0.0,1.0,231.0,True,126.3748489694873
