karno,diagtime,age,prior=10,trt=2,celltype=2,celltype=3,celltype=4,time,status,predicted_tte
80,29,68,0.0,0.0,0.0,0.0,0.0,110.0,True,217.21865074848168
80,4,63,1.0,0.0,1.0,0.0,0.0,54.0,True,110.84511226592862
60,14,63,1.0,0.0,1.0,0.0,0.0,153.0,True,65.374727842127
75,3,65,0.0,0.0,1.0,0.0,0.0,31.0,True,99.79627664367271
90,2,62,0.0,0.0,0.0,0.0,1.0,182.0,False,291.4417291891055
80,5,38,0.0,0.0,0.0,0.0,1.0,103.0,True,197.21287286113636
50,1,70,0.0,1.0,0.0,0.0,0.0,242.0,True,44.861792951582004
40,36,44,1.0,1.0,1.0,0.0,0.0,2.0,True,34.55078897868605
60,8,49,0.0,1.0,1.0,0.0,0.0,24.0,True,49.842231987905635
