karno,diagtime,age,prior=10,trt=2,celltype=2,celltype=3,celltype=4,time,status,predicted_tte
70,11,48,1.0,0.0,0.0,0.0,0.0,11.0,True,96.31328594979611
70,2,47,0.0,0.0,0.0,0.0,1.0,553.0,True,132.22091279738598
80,11,66,0.0,0.0,0.0,0.0,1.0,105.0,True,257.7646177914847
90,12,54,1.0,1.0,0.0,0.0,0.0,999.0,True,174.85636290147292
50,8,52,1.0,1.0,0.0,0.0,0.0,231.0,False,41.178508278487364
50,13,40,1.0,1.0,0.0,0.0,0.0,15.0,True,32.93470048290151
80,2,68,0.0,1.0,1.0,0.0,0.0,8.0,True,122.24640082036782
30,4,39,1.0,1.0,0.0,0.0,1.0,19.0,True,20.513375532240495
75,1,65,0.0,1.0,0.0,0.0,1.0,133.0,True,174.89267534701136
