karno,diagtime,age,prior=10,trt=2,celltype=2,celltype=3,celltype=4,time,status,predicted_tte
50,18,43,0.0,0.0,0.0,0.0,0.0,314.0,True,46.16564427948416
20,19,61,1.0,0.0,0.0,1.0,0.0,8.0,True,14.039207985958392
80,2,38,0.0,0.0,0.0,1.0,0.0,117.0,True,89.07585086645811
80,5,64,0.0,0.0,0.0,1.0,0.0,162.0,True,139.73431022030476
90,2,62,0.0,1.0,0.0,0.0,0.0,389.0,True,223.4463509729707
60,13,70,1.0,1.0,0.0,0.0,0.0,44.0,True,79.65071602358658
40,5,69,1.0,1.0,0.0,1.0,0.0,18.0,True,27.385506490510494
70,8,61,0.0,1.0,0.0,1.0,0.0,36.0,True,74.24505644510899
80,10,64,1.0,1.0,0.0,0.0,1.0,340.0,True,185.33702982789504
